Id,imdbID,data,country
1,Carmencita,"Documentary, Short",USA
5,Blacksmith Scene,Short,USA
3,Pauvre Pierrot,"Animation, Comedy, Short",France
45,Edison Kinetoscopic Record of a Sneeze,"Documentary, Short",USA
453,Employees Leaving the Lumiï¿½re Factory,"Documentary, Short",France
45132,The Arrival of a Train,"Documentary, Short",France
542,Tables Turned on the Gardener,"Comedy, Short",France
45,sv12,"Documentary, Short",France
45,The Sea,"Documentary, Short",France
452,Dï¿½molition d'un mur,"Documentary, Short",France
45,The House of the Devil,"Short, Horror",France
42,The Conjuring of a Woman at the House of Robert Houdin,Short,France
45,A Terrible Night,"Short, Comedy",France
45,Une partie de cartes,"Short, Biography",France
1,Carmencita,"Documentary, Short",USA
5,Blacksmith Scene,Short,USA
3,Pauvre Pierrot,"Animation, Comedy, Short",France
45,Edison Kinetoscopic Record of a Sneeze,"Documentary, Short",USA
453,Employees Leaving the Lumiï¿½re Factory,"Documentary, Short",France
45132,The Arrival of a Train,"Documentary, Short",France
542,Tables Turned on the Gardener,"Comedy, Short",France
45,sv12,"Documentary, Short",France
45,The Sea,"Documentary, Short",France
452,Dï¿½molition d'un mur,"Documentary, Short",France
45,The House of the Devil,"Short, Horror",France
42,The Conjuring of a Woman at the House of Robert Houdin,Short,France
45,A Terrible Night,"Short, Comedy",France
45,Une partie de cartes,"Short, Biography",France
1,Carmencita,"Documentary, Short",USA
5,Blacksmith Scene,Short,USA
3,Pauvre Pierrot,"Animation, Comedy, Short",France
45,Edison Kinetoscopic Record of a Sneeze,"Documentary, Short",USA
453,Employees Leaving the Lumiï¿½re Factory,"Documentary, Short",France
45132,The Arrival of a Train,"Documentary, Short",France
542,Tables Turned on the Gardener,"Comedy, Short",France
45,sv12,"Documentary, Short",France
45,The Sea,"Documentary, Short",France
452,Dï¿½molition d'un mur,"Documentary, Short",France
45,The House of the Devil,"Short, Horror",France
42,The Conjuring of a Woman at the House of Robert Houdin,Short,France
45,A Terrible Night,"Short, Comedy",France
45,Une partie de cartes,"Short, Biography",France
1,Carmencita,"Documentary, Short",USA
5,Blacksmith Scene,Short,USA
3,Pauvre Pierrot,"Animation, Comedy, Short",France
